Model,Params,Params %,Test AUC ↑,Δpp,Event AUC ↑,Acc ↑,F1 ↑,Δpp,Brier ↓,Δ%,LogLoss ↓,R2 ↑,Δ%,EV ↑,Val loss ↓,Best ep,Train min
xl,"462,081",+664.4%,0.9952,+0.11,0.9956,0.9683,0.9679,+0.09,0.0376,-8.5%,0.3541,0.7742,+2.8%,0.7748,0.3570,5,52.2
s_xl,"393,121",+550.3%,0.9954,+0.13,0.9966,0.9692,0.9690,+0.21,0.0394,-4.1%,0.3587,0.7634,+1.4%,0.7639,0.3690,4,24.4
big,"240,449",+297.8%,0.9950,+0.09,0.9953,0.9692,0.9690,+0.21,0.0393,-4.6%,0.3608,0.7644,+1.5%,0.7662,0.3664,7,61.9
s_l,"189,921",+214.2%,0.9953,+0.12,0.9960,0.9679,0.9680,+0.10,0.0424,+3.2%,0.3651,0.7453,-1.0%,0.7495,0.3684,4,23.6
t_l,"92,545",+53.1%,0.9955,+0.15,0.9967,0.9664,0.9664,-0.06,0.0425,+3.2%,0.3658,0.7452,-1.1%,0.7464,0.3746,3,31.9
base_k11,"63,041",+4.3%,0.9939,-0.02,0.9941,0.9663,0.9664,-0.05,0.0399,-3.0%,0.3634,0.7606,+1.0%,0.7615,0.3645,19,44.9
base_gn,"60,449",+0.0%,0.9954,+0.13,0.9963,0.9700,0.9700,+0.31,0.0393,-4.4%,0.3583,0.7641,+1.4%,0.7651,0.3662,10,31.7
baseline,"60,449",+0.0%,0.9941,+0.00,0.9944,0.9669,0.9670,+0.00,0.0411,+0.0%,0.3646,0.7532,+0.0%,0.7546,0.3640,7,15.4
base_k3,"57,857",-4.3%,0.9920,-0.21,0.9920,0.9583,0.9586,-0.84,0.0464,+12.8%,0.3810,0.7216,-4.2%,0.7263,0.3881,8,15.5
t_xs,"47,761",-21.0%,0.9951,+0.10,0.9954,0.9658,0.9659,-0.11,0.0415,+1.0%,0.3650,0.7508,-0.3%,0.7515,0.3748,10,8.2
s_s,"23,361",-61.4%,0.9957,+0.16,0.9972,0.9685,0.9684,+0.15,0.0408,-0.8%,0.3637,0.7552,+0.3%,0.7559,0.3661,6,14.1
small,"15,281",-74.7%,0.9941,+0.01,0.9941,0.9644,0.9647,-0.23,0.0425,+3.3%,0.3680,0.7451,-1.1%,0.7465,0.3730,19,12.8
s_xs,"11,729",-80.6%,0.9942,+0.01,0.9964,0.9601,0.9598,-0.72,0.0426,+3.6%,0.3681,0.7442,-1.2%,0.7443,0.3704,10,18.8
tiny,"4,329",-92.8%,0.9911,-0.30,0.9930,0.9547,0.9550,-1.19,0.0470,+14.3%,0.3838,0.7179,-4.7%,0.7185,0.3867,12,7.7
